{
  "20 Users Load Test" : {
    "transaction" : "20 Users Load Test",
    "sampleCount" : 20,
    "errorCount" : 0,
    "errorPct" : 0.0,
    "meanResTime" : 269.20000000000005,
    "medianResTime" : 257.5,
    "minResTime" : 241.0,
    "maxResTime" : 319.0,
    "pct1ResTime" : 303.9,
    "pct2ResTime" : 318.25,
    "pct3ResTime" : 319.0,
    "throughput" : 62.69592476489028,
    "receivedKBytesPerSec" : 116.29359326018809,
    "sentKBytesPerSec" : 14.143318965517242
  },
  "Total" : {
    "transaction" : "Total",
    "sampleCount" : 1330,
    "errorCount" : 5,
    "errorPct" : 0.37593985,
    "meanResTime" : 3043.3142857142825,
    "medianResTime" : 3231.5,
    "minResTime" : 224.0,
    "maxResTime" : 27095.0,
    "pct1ResTime" : 5406.000000000002,
    "pct2ResTime" : 6482.25,
    "pct3ResTime" : 11133.050000000014,
    "throughput" : 19.226043338103707,
    "receivedKBytesPerSec" : 35.672150900046255,
    "sentKBytesPerSec" : 4.3208200295979875
  },
  "10 Users Load Test" : {
    "transaction" : "10 Users Load Test",
    "sampleCount" : 10,
    "errorCount" : 0,
    "errorPct" : 0.0,
    "meanResTime" : 544.4,
    "medianResTime" : 542.0,
    "minResTime" : 542.0,
    "maxResTime" : 555.0,
    "pct1ResTime" : 554.8,
    "pct2ResTime" : 555.0,
    "pct3ResTime" : 555.0,
    "throughput" : 18.01801801801802,
    "receivedKBytesPerSec" : 33.4107545045045,
    "sentKBytesPerSec" : 4.064611486486486
  },
  "100 Users Load Test" : {
    "transaction" : "100 Users Load Test",
    "sampleCount" : 100,
    "errorCount" : 0,
    "errorPct" : 0.0,
    "meanResTime" : 258.9699999999999,
    "medianResTime" : 247.5,
    "minResTime" : 224.0,
    "maxResTime" : 344.0,
    "pct1ResTime" : 309.8,
    "pct2ResTime" : 318.9,
    "pct3ResTime" : 343.7899999999999,
    "throughput" : 280.8988764044944,
    "receivedKBytesPerSec" : 520.9357443820224,
    "sentKBytesPerSec" : 63.3668363764045
  },
  "1000 Users Load Test" : {
    "transaction" : "1000 Users Load Test",
    "sampleCount" : 1000,
    "errorCount" : 5,
    "errorPct" : 0.5,
    "meanResTime" : 3910.052999999997,
    "medianResTime" : 3839.0,
    "minResTime" : 277.0,
    "maxResTime" : 27095.0,
    "pct1ResTime" : 5680.9,
    "pct2ResTime" : 6800.649999999998,
    "pct3ResTime" : 11322.9,
    "throughput" : 36.7147630062048,
    "receivedKBytesPerSec" : 68.13030212807945,
    "sentKBytesPerSec" : 8.240922561680803
  },
  "200 Users Load Test" : {
    "transaction" : "200 Users Load Test",
    "sampleCount" : 200,
    "errorCount" : 0,
    "errorPct" : 0.0,
    "meanResTime" : 504.15000000000015,
    "medianResTime" : 471.0,
    "minResTime" : 358.0,
    "maxResTime" : 649.0,
    "pct1ResTime" : 606.9,
    "pct2ResTime" : 621.8499999999999,
    "pct3ResTime" : 646.97,
    "throughput" : 299.4011976047904,
    "receivedKBytesPerSec" : 555.2898110029939,
    "sentKBytesPerSec" : 67.5406998502994
  }
}